algorithm,model,round,rmse,mae,r2
FedAvg,Linear,1,0.8592224768203317,0.6428789130832693,-162215.5421127963
FedAvg,Linear,2,0.8393991500907845,0.6272074249695809,-148841.81300429092
FedAvg,Linear,3,0.8199069559929643,0.611774362662974,-136407.1766546749
FedAvg,Linear,4,0.8007688529642438,0.596726551521013,-124867.78977413882
FedAvg,Linear,5,0.7820101193212528,0.582046744484055,-114185.9753006062
FedAvg,Linear,6,0.7637036224968313,0.567940188784591,-104720.2683661114
FedAvg,Linear,7,0.7457786054509513,0.5543700059604142,-95984.87695226686
FedAvg,Linear,8,0.728220594069928,0.5412417019607731,-87949.83081507892
FedAvg,Linear,9,0.7110798968259819,0.528500844755575,-80579.77028088829
FedAvg,Linear,10,0.6943419704765919,0.5162613084425197,-73849.19520205479
FedAvg,Linear,11,0.6779909536916507,0.5042728993825627,-67716.44596837317
FedAvg,Linear,12,0.6621325741501525,0.4927920962574192,-62330.31852641047
FedAvg,Linear,13,0.6467700672560398,0.4818659371881367,-57793.43550490663
FedAvg,Linear,14,0.6318911160017975,0.4713861177591951,-53682.75522279656
FedAvg,Linear,15,0.6174708056388302,0.4612185899528342,-49967.7901109786
FedAvg,Linear,16,0.6036125681548214,0.4515692164797355,-46625.012121807296
FedAvg,Linear,17,0.5902373752169777,0.4422513528060829,-43619.19628828481
FedAvg,Linear,18,0.5773707784899204,0.433326443699835,-40911.519518827095
FedAvg,Linear,19,0.5650132432347403,0.4249177792474549,-38477.60550971945
FedAvg,Linear,20,0.5531752839009023,0.4169873616712164,-36293.73720243819
FedAvg,Linear,21,0.5419186858712174,0.4094755215102214,-34340.85500550228
FedAvg,Linear,22,0.531264673066401,0.4023240834003173,-32601.629839550213
FedAvg,Linear,23,0.5210873147613713,0.3954933481601922,-31058.200172635497
FedAvg,Linear,24,0.5115414204256945,0.3890428047607569,-29693.421205654715
FedAvg,Linear,25,0.5026039576373766,0.3829934649653929,-28480.343895414386
FedAvg,MLP,1,0.388449847157381,0.3605123643611144,-1045.408749920622
FedAvg,MLP,2,0.3871307688680916,0.3432756125507958,-21932.189647744955
FedAvg,MLP,3,0.4094004768210599,0.3565209191063376,-43785.61997413971
FedAvg,MLP,4,0.4231922785907684,0.368295608117836,-53017.48700899483
FedAvg,MLP,5,0.4300567559738587,0.3754264085123115,-58138.98743398831
FedAvg,MLP,6,0.4330996142455474,0.379210110865075,-61642.212538142616
FedAvg,MLP,7,0.4345940662159122,0.3812927697475849,-64266.03189513805
FedAvg,MLP,8,0.4351703906243757,0.3823145494414968,-66380.4644258546
FedAvg,MLP,9,0.4354264736681061,0.3829456697920295,-68355.0016594855
FedAvg,MLP,10,0.4353666466948874,0.3832059202745216,-70123.41000566332
FedAvg,MLP,11,0.4350091996303138,0.3832005253994611,-71757.18737299036
FedAvg,MLP,12,0.4345276398497907,0.3830687776338866,-73185.38209804709
FedAvg,MLP,13,0.4337946465198991,0.3827206612890341,-74335.28364902725
FedAvg,MLP,14,0.4330312613664382,0.3822999166321461,-75300.47298170436
FedAvg,MLP,15,0.4321254076789994,0.3817608157444503,-76000.13276573141
FedAvg,MLP,16,0.4312163135099708,0.3811938550277418,-76640.8318458475
FedAvg,MLP,17,0.4303123910135381,0.3805917501187701,-77112.15664257525
FedAvg,MLP,18,0.4292990708025677,0.3798831555409674,-77531.95746871499
FedAvg,MLP,19,0.4282893688426179,0.3791612913874624,-77919.37638837885
FedAvg,MLP,20,0.4273081487840119,0.378447667445156,-78292.8577257929
FedAvg,MLP,21,0.4264413487463351,0.3778246690393123,-78661.59406806463
FedAvg,MLP,22,0.4255057213490499,0.3771359487084806,-78894.76510997229
FedAvg,MLP,23,0.4245979051680945,0.3764600165070465,-79135.96173600531
FedAvg,MLP,24,0.4237184614236159,0.3757842493182955,-79349.42617192125
FedAvg,MLP,25,0.4228281555180171,0.3750776977446879,-79517.99906336695
FedAvg,Residual,1,0.6541683316072303,0.5570045831647615,-147701.8475209925
FedAvg,Residual,2,0.622823932368221,0.5321741544089963,-132157.47009044036
FedAvg,Residual,3,0.6183402471590458,0.5307747773524957,-133477.35064957055
FedAvg,Residual,4,0.6075283757844411,0.5228327111273952,-133835.9093237711
FedAvg,Residual,5,0.5999272321114584,0.5175495567504048,-134194.16265568623
FedAvg,Residual,6,0.5915128079250178,0.5114376201623353,-134399.51283571715
FedAvg,Residual,7,0.5836386001576939,0.505874144879083,-132439.96597156543
FedAvg,Residual,8,0.5761797349954902,0.5003384529941949,-129704.70344746429
FedAvg,Residual,9,0.5696446452724165,0.4953938247292239,-127594.31534790868
FedAvg,Residual,10,0.5639792883351652,0.4910808535577542,-125907.4836756035
FedAvg,Residual,11,0.5584571755457746,0.4868087005295736,-123788.6244997224
FedAvg,Residual,12,0.5535526652736928,0.4829488442343232,-121830.39864086056
FedAvg,Residual,13,0.5490887200986959,0.4794220287477195,-119993.74301646338
FedAvg,Residual,14,0.5450970435481512,0.4762256192223468,-118206.42598121824
FedAvg,Residual,15,0.5415892172121451,0.4733539696370361,-116598.28495508716
FedAvg,Residual,16,0.5386160912719267,0.4709670024094137,-115461.64013811824
FedAvg,Residual,17,0.5357314243886421,0.4687126497026068,-114111.41272599166
FedAvg,Residual,18,0.5330483265472025,0.466663372485206,-112863.14618438829
FedAvg,Residual,19,0.53075982187728,0.4649194794427112,-111944.54288795836
FedAvg,Residual,20,0.5282508575074876,0.4629558442661339,-110675.42418916363
FedAvg,Residual,21,0.5260903218019154,0.4612852401756444,-109497.00330738442
FedAvg,Residual,22,0.523613788227203,0.4593372215862223,-108031.53165129072
FedAvg,Residual,23,0.5212860500683557,0.457466692950164,-106579.44909770376
FedAvg,Residual,24,0.5188734512300046,0.4555252595609856,-105365.07019042216
FedAvg,Residual,25,0.5166961994442603,0.453805133399205,-104266.49036028516
FedAvg,Dual,1,0.3236804288843743,0.2907784280018563,-8248.759195207083
FedAvg,Dual,2,0.3250323570120399,0.2886854506413631,-11916.881577473325
FedAvg,Dual,3,0.3447496705517731,0.3032064606780955,-16184.9436933018
FedAvg,Dual,4,0.3579672036963278,0.3137716706482094,-20292.678505555607
FedAvg,Dual,5,0.3668955098701456,0.3212260119682456,-23708.3454660238
FedAvg,Dual,6,0.3737001065330877,0.3272051200506348,-26442.6824508962
FedAvg,Dual,7,0.3792542049773543,0.3321281901457607,-28662.07360025617
FedAvg,Dual,8,0.3838941813036362,0.3360790578101766,-30583.12870570017
FedAvg,Dual,9,0.3878081600263527,0.3395053751386951,-32343.56236092948
FedAvg,Dual,10,0.3910849396419417,0.3424384822587766,-33837.926456147216
FedAvg,Dual,11,0.3938023254617659,0.3449014205033833,-35118.13510494199
FedAvg,Dual,12,0.3960329674694705,0.3469101229325749,-36249.18934123839
FedAvg,Dual,13,0.3976268270259806,0.3483670076555024,-37295.82870581448
FedAvg,Dual,14,0.3987643068319255,0.3494178429638774,-38244.53875105327
FedAvg,Dual,15,0.3995426941009228,0.3501230656367404,-39097.808449224765
FedAvg,Dual,16,0.3999921692168471,0.3505363708430727,-39824.64868938566
FedAvg,Dual,17,0.4000339991671752,0.3506317110650359,-40458.800064522686
FedAvg,Dual,18,0.3999301040079454,0.3506094879865227,-41004.00302711061
FedAvg,Dual,19,0.3997466167307149,0.3505127051802637,-41485.77331180774
FedAvg,Dual,20,0.3994138341538488,0.3503285949175722,-42004.97014587667
FedAvg,Dual,21,0.3989357049493053,0.3500220747582732,-42470.63760210466
FedAvg,Dual,22,0.3983803460270135,0.3496605851581101,-42938.63475832495
FedAvg,Dual,23,0.3977139926416805,0.3491439343232053,-43215.6291497135
FedAvg,Dual,24,0.3969980301525999,0.348584887484884,-43431.27635886422
FedAvg,Dual,25,0.396239778278571,0.3480046130913213,-43635.6781942924
FedAvg,DeepFM,1,6.672084380757481,3.11415296918688,-193414911.9179132
FedAvg,DeepFM,2,5.683512684789758,2.6962119581829267,-137403201.62421206
FedAvg,DeepFM,3,4.6785962227999365,2.269069682210945,-90155902.53740153
FedAvg,DeepFM,4,3.6755638800862,1.832207577509285,-52794755.01592964
FedAvg,DeepFM,5,2.7009363148941383,1.4056456921284983,-26361592.348582894
FedAvg,DeepFM,6,1.767117543687186,0.9835486569178334,-9464143.040945506
FedAvg,DeepFM,7,0.931430658932986,0.6017045496532494,-1513838.898999967
FedAvg,DeepFM,8,0.4653105576007494,0.3618582230984431,-49104.59795780719
FedAvg,DeepFM,9,0.4409195736988718,0.3537798970937729,-50054.068876882426
FedAvg,DeepFM,10,0.3778461582890952,0.3071678898613147,-21247.695717357376
FedAvg,DeepFM,11,0.3641149677161883,0.2959145170575915,-58468.215384930845
FedAvg,DeepFM,12,0.3294374976343557,0.2741754281028503,-24330.22875009396
FedAvg,DeepFM,13,0.3158783681557901,0.2610068154670232,-19907.51658447765
FedAvg,DeepFM,14,0.3276258516197442,0.2714856570236293,-69266.1226105824
FedAvg,DeepFM,15,0.312842851246849,0.2647372761803477,-36426.36989003368
FedAvg,DeepFM,16,0.3111168005901895,0.2599579210021583,-28663.106840208253
FedAvg,DeepFM,17,0.3070915158879182,0.2589768524460089,-58562.94371677241
FedAvg,DeepFM,18,0.3297159472931554,0.2674462712109612,-106244.34427594216
FedAvg,DeepFM,19,0.3055635942510966,0.2524201026438409,-77702.72684291209
FedAvg,DeepFM,20,0.3222812508645998,0.2630751139250287,-92417.3274091526
FedAvg,DeepFM,21,0.2612106069607214,0.2244558536000746,-29159.887800134547
FedAvg,DeepFM,22,0.2942612189637614,0.2453682609884517,-74308.60138887429
FedAvg,DeepFM,23,0.2879690833500301,0.2406656572395552,-65271.23605373916
FedAvg,DeepFM,24,0.2626536748691361,0.2287009539367444,-30581.91328885727
FedAvg,DeepFM,25,0.2874607478878689,0.2373956293129543,-80999.5591209358
FedAvg,AutoInt,1,0.2352318130797334,0.2064023630952164,-14674.243079899485
FedAvg,AutoInt,2,0.2533582470861801,0.2324222174320887,-9886.061328792404
FedAvg,AutoInt,3,0.2568809676880959,0.231600896951289,-22809.14056673871
FedAvg,AutoInt,4,0.2538763237279356,0.2330433575073109,-9580.746575399107
FedAvg,AutoInt,5,0.2590701881910552,0.2370636185568958,-18128.49399714981
FedAvg,AutoInt,6,0.2576635284090576,0.2345516953375092,-14201.509017595718
FedAvg,AutoInt,7,0.2625167765236232,0.239874843344328,-20571.62181078403
FedAvg,AutoInt,8,0.2573852816875956,0.235793600444844,-16869.55797383488
FedAvg,AutoInt,9,0.2572014327408649,0.2350262341945578,-20470.00272525593
FedAvg,AutoInt,10,0.2639000491935953,0.2412868767112546,-18510.10143139744
FedAvg,AutoInt,11,0.2570874394344147,0.2366171296888893,-15268.832949205946
FedAvg,AutoInt,12,0.2653499534013054,0.2418193671727955,-33099.02792467845
FedAvg,AutoInt,13,0.2635607104401193,0.2434643613590297,-12987.72803300378
FedAvg,AutoInt,14,0.2673136557666623,0.2448473802664577,-37674.977121190575
FedAvg,AutoInt,15,0.2588298239722673,0.2386281546761784,-13585.534417908304
FedAvg,AutoInt,16,0.2697516047733984,0.2457036838878227,-36848.34843223753
FedAvg,AutoInt,17,0.2601505212227217,0.2391665672101015,-13441.205349863518
FedAvg,AutoInt,18,0.263326975037371,0.2390668411036995,-27619.70416486536
FedAvg,AutoInt,19,0.257237104089437,0.236187048478998,-20608.18543069434
FedAvg,AutoInt,20,0.2533687462238004,0.2311336712122801,-19447.6396596394
FedAvg,AutoInt,21,0.262209624627743,0.2398442867848701,-27577.40971284005
FedAvg,AutoInt,22,0.2511649212535735,0.2305986665333302,-14630.70930825386
FedAvg,AutoInt,23,0.2558076069437641,0.2327836440165767,-20060.51502810882
FedAvg,AutoInt,24,0.2563189188065307,0.2344627518514547,-23981.25943142584
FedAvg,AutoInt,25,0.2708799382636511,0.2478997633384904,-24797.823338369493
FedAvg,TabNet,1,0.402659052888578,0.3311299317907574,-9821.571320354416
FedAvg,TabNet,2,0.3200833112430812,0.2619008033263034,-9134.625760832654
FedAvg,TabNet,3,0.2862026846686376,0.2346038181197245,-8075.522606348531
FedAvg,TabNet,4,0.2692700476957193,0.2234484716752292,-8699.953374227447
FedAvg,TabNet,5,0.2601436954460392,0.2189792417683794,-9856.718251074137
FedAvg,TabNet,6,0.254200361107455,0.2161145800813011,-11033.569142934935
FedAvg,TabNet,7,0.2500349841333519,0.2137243895413376,-12086.769977146796
FedAvg,TabNet,8,0.2472537056894012,0.2121732172495661,-13103.49182627197
FedAvg,TabNet,9,0.2454382853392002,0.211527014383637,-14102.292819433347
FedAvg,TabNet,10,0.2442163173534012,0.2114531259545123,-15023.62557798865
FedAvg,TabNet,11,0.24347956489411,0.2116827229938105,-15852.6763391478
FedAvg,TabNet,12,0.2429601165340207,0.2119810327704216,-16590.328618026993
FedAvg,TabNet,13,0.2426657102964058,0.2124455115366694,-17208.83312145352
FedAvg,TabNet,14,0.2426047038341399,0.2130379955986472,-17828.966052593372
FedAvg,TabNet,15,0.2426637941403799,0.2137185589971777,-18331.895104463994
FedAvg,TabNet,16,0.2428397672050197,0.2144213264876803,-18827.55698787307
FedAvg,TabNet,17,0.2429814360745368,0.21508594491046,-19215.48312658333
FedAvg,TabNet,18,0.2431849744416842,0.2157386782299236,-19530.50205609501
FedAvg,TabNet,19,0.2432413928939443,0.2162383920488542,-19746.712831643847
FedAvg,TabNet,20,0.2434046085587354,0.2168255713367294,-20002.0458084238
FedAvg,TabNet,21,0.2435270971768638,0.217302236123328,-20179.49863226929
FedAvg,TabNet,22,0.2435274211365557,0.2176304487986179,-20273.025048238324
FedAvg,TabNet,23,0.2435371629985497,0.217907145043249,-20394.512666997256
FedAvg,TabNet,24,0.2435319164982436,0.2181253332140575,-20506.39053883284
FedAvg,TabNet,25,0.2435518708992922,0.2183447901179166,-20630.249447936123
FedAvg,MSARv3,1,0.2477087487037669,0.2217427875800794,-29571.647752629437
FedAvg,MSARv3,2,0.2327815449537018,0.2044403232594785,-15235.861089295788
FedAvg,MSARv3,3,0.2218132768903202,0.1987205632227376,-16002.136642682322
FedAvg,MSARv3,4,0.226818255929293,0.200662004874335,-20272.529060228848
FedAvg,MSARv3,5,0.2223206685470524,0.2002899461345639,-15219.863949730445
FedAvg,MSARv3,6,0.2256458452740668,0.2025100749071118,-18040.145380767663
FedAvg,MSARv3,7,0.2270039586820675,0.2037304980002723,-19154.568876494424
FedAvg,MSARv3,8,0.2276803113340996,0.2054717778269142,-18304.56969794573
FedAvg,MSARv3,9,0.2284303196343013,0.2059206523145229,-18644.961300385647
FedAvg,MSARv3,10,0.2287279515444418,0.2064841987011931,-19250.86351954288
FedAvg,MSARv3,11,0.2307577814768326,0.2079010836793165,-21290.93857742571
FedAvg,MSARv3,12,0.2306434218786862,0.2090044299726536,-19230.125837344487
FedAvg,MSARv3,13,0.2317389785994158,0.2089972260337722,-21408.333770606976
FedAvg,MSARv3,14,0.2323553179799579,0.2101350590089084,-20452.025957377387
FedAvg,MSARv3,15,0.2327580360833294,0.2103231465984103,-20147.79932118803
FedAvg,MSARv3,16,0.2333765254126952,0.2105458548492203,-21877.72485195187
FedAvg,MSARv3,17,0.2330031017144471,0.2102096884107128,-20939.482576800983
FedAvg,MSARv3,18,0.2312274059407617,0.2088229179329947,-20238.019443910864
FedAvg,MSARv3,19,0.2337909954457409,0.2111036161546757,-21330.50393933697
FedAvg,MSARv3,20,0.2334338776064004,0.2110392331081869,-20844.004553249302
FedAvg,MSARv3,21,0.2336714068797415,0.21119138293348,-22044.533896727804
FedAvg,MSARv3,22,0.234902103414637,0.2115384478036883,-22801.69743150232
FedAvg,MSARv3,23,0.2344678309840869,0.2112848612042847,-22658.26595565849
FedAvg,MSARv3,24,0.2346835370770746,0.2115561680406698,-22040.252214766973
FedAvg,MSARv3,25,0.2360450235508293,0.2132788567897096,-23773.51785457658
FedProx,Linear,1,0.908167620285088,0.7282446637513977,-123838.4836705347
FedProx,Linear,2,0.8938365469869232,0.7160798776338306,-115893.02717440158
FedProx,Linear,3,0.879830943385502,0.704305708513109,-108474.88919323483
FedProx,Linear,4,0.8660933684470485,0.6927825621016624,-101542.76491806754
FedProx,Linear,5,0.8526645464925655,0.6815363480357588,-95088.8326852728
FedProx,Linear,6,0.8395185048451979,0.6705844743285322,-89086.5108031422
FedProx,Linear,7,0.8266405466234029,0.6598120470562383,-83516.34499471761
FedProx,Linear,8,0.8139854766493997,0.6492239055084638,-78324.99689812149
FedProx,Linear,9,0.8015791602839997,0.6388622531258159,-73507.61663515329
FedProx,Linear,10,0.7893434504697812,0.6286550946730093,-69014.54826191398
FedProx,Linear,11,0.7772588526716968,0.6186565949543917,-64814.13020171851
FedProx,Linear,12,0.7653243535651117,0.6088808978169581,-60892.481316752506
FedProx,Linear,13,0.7535441215619576,0.5994031727837762,-57230.49885638862
FedProx,Linear,14,0.7419146739722113,0.5900406207895865,-53809.60758356721
FedProx,Linear,15,0.730381883271723,0.580800007904351,-50628.36798013241
FedProx,Linear,16,0.7189881672256755,0.5716466370492074,-47689.81012870641
FedProx,Linear,17,0.7076897739042322,0.5625569123794408,-44943.40847094491
FedProx,Linear,18,0.6965113577291554,0.5535463287981197,-42378.16890462463
FedProx,Linear,19,0.6854467263684012,0.5446255843962015,-39983.50834952088
FedProx,Linear,20,0.6742332035248598,0.5355977608260873,-37624.95680148321
FedProx,Linear,21,0.6631282303892787,0.5266448867970485,-35440.6986250383
FedProx,Linear,22,0.6521696436599667,0.5178074155310546,-33416.06012807621
FedProx,Linear,23,0.6413244186688967,0.5090767427990851,-31569.61515276461
FedProx,Linear,24,0.6306609290378248,0.50049111461807,-29861.11033052468
FedProx,Linear,25,0.6200209521481816,0.4919149347160319,-28289.49961922751
FedProx,MLP,1,0.4063290522723067,0.3379488951135394,-107156.48108497444
FedProx,MLP,2,0.4191664234998658,0.3529612566810919,-143955.13027357092
FedProx,MLP,3,0.4214849922365493,0.3570823962742918,-154225.35210977498
FedProx,MLP,4,0.4201862256427139,0.357952763776578,-155245.2450960843
FedProx,MLP,5,0.4183771559403631,0.3579310317816759,-153210.34371322405
FedProx,MLP,6,0.4169159485901728,0.357938647610651,-150489.49458533223
FedProx,MLP,7,0.4157149755271167,0.3580926092888223,-147665.61723282552
FedProx,MLP,8,0.4145666892316528,0.3582688428081821,-144654.63400712205
FedProx,MLP,9,0.4135809993993182,0.3583788746323024,-141595.1135176347
FedProx,MLP,10,0.4126847949574114,0.3584495080481095,-138559.2574253979
FedProx,MLP,11,0.4116823819201336,0.3584190024380524,-135683.75240351236
FedProx,MLP,12,0.4106254448890166,0.3582629181955317,-132933.57118974294
FedProx,MLP,13,0.409347153455253,0.3578296756807236,-130068.1562945361
FedProx,MLP,14,0.408068870062021,0.3573232558678659,-127698.61782195487
FedProx,MLP,15,0.4066602751200314,0.3566823064076251,-125316.97380081506
FedProx,MLP,16,0.4052065510942537,0.3559672405619193,-122905.19798032596
FedProx,MLP,17,0.4037640462025059,0.3552186875906896,-120541.22047166874
FedProx,MLP,18,0.4023291185279852,0.3544293642567834,-118195.79874132723
FedProx,MLP,19,0.4008418244753431,0.3535790991935034,-115783.9759492036
FedProx,MLP,20,0.3993447866635052,0.3527082846432872,-113341.40655491264
FedProx,MLP,21,0.3977860964779495,0.3517742549545526,-110967.18870877632
FedProx,MLP,22,0.3961514783050662,0.3507708565631524,-108411.97148817328
FedProx,MLP,23,0.3945437958535258,0.3497626414826968,-106079.19850523904
FedProx,MLP,24,0.392770723433841,0.3485790705324685,-103658.5903352476
FedProx,MLP,25,0.3911117351179412,0.3474510355291132,-101432.0925291167
FedProx,Residual,1,0.5473896936318612,0.4192474986473998,-435831.6828790742
FedProx,Residual,2,0.4725815131856884,0.3526019606418475,-486687.7164768393
FedProx,Residual,3,0.4383116186229773,0.3339619201285558,-392918.664637626
FedProx,Residual,4,0.4213932966510638,0.3271999087819734,-327961.4060704293
FedProx,Residual,5,0.4084008264350571,0.3226869685316756,-287269.48955368955
FedProx,Residual,6,0.3993522493108647,0.3206423011416919,-252047.2429822409
FedProx,Residual,7,0.3922039742637918,0.3190502327963422,-226869.78881612016
FedProx,Residual,8,0.3875237889971147,0.3186718837238573,-208189.13641100985
FedProx,Residual,9,0.3837548939522874,0.3185500471160365,-194290.1821721124
FedProx,Residual,10,0.3811873406424388,0.3190538398201311,-183682.21962810692
FedProx,Residual,11,0.3790808408513114,0.3194604420180061,-175790.13681474177
FedProx,Residual,12,0.377728766664747,0.3201456711560435,-169546.09396420632
FedProx,Residual,13,0.3767515578054372,0.3207864325709628,-165088.81408025845
FedProx,Residual,14,0.3760619512479097,0.3214380520744567,-161237.34667745835
FedProx,Residual,15,0.3754739200707676,0.3219962394902702,-158062.81181689264
FedProx,Residual,16,0.3751391029788142,0.3226429632683211,-155423.4144832279
FedProx,Residual,17,0.3748451525702049,0.323210524260893,-153141.58889458762
FedProx,Residual,18,0.3745850321812252,0.3237161993823277,-150554.2232248008
FedProx,Residual,19,0.37431288054987,0.3241981814217693,-147982.89889383232
FedProx,Residual,20,0.3740892840316682,0.3246268401141745,-145811.82478088487
FedProx,Residual,21,0.3739481327297003,0.3250529580669369,-144226.84803851167
FedProx,Residual,22,0.3735953008897836,0.3252664497793244,-142194.98301031635
FedProx,Residual,23,0.3732152111344207,0.3254215886754185,-140166.72912134815
FedProx,Residual,24,0.3728578544050976,0.3255842220044723,-138407.95024130843
FedProx,Residual,25,0.3723754983062692,0.3255501153808486,-136773.37780770936
FedProx,Dual,1,0.3324437860765378,0.3050716207452734,-4110.876953480323
FedProx,Dual,2,0.3572059698274638,0.3194376419057745,-26940.85023101646
FedProx,Dual,3,0.3751391722317679,0.3323229748644393,-48637.363391437095
FedProx,Dual,4,0.3832207890189414,0.3379956996739434,-59963.33787886078
FedProx,Dual,5,0.386587478472579,0.3407302557741192,-64500.31342081194
FedProx,Dual,6,0.3878007290734471,0.3418232119512893,-65726.4351959966
FedProx,Dual,7,0.388574193650568,0.3425460300148057,-65824.67901204215
FedProx,Dual,8,0.3894437045520764,0.3433712310499801,-65388.99100322422
FedProx,Dual,9,0.3903890655846847,0.3443013325935927,-64943.61243751976
FedProx,Dual,10,0.3914171088570224,0.3452814278472706,-64611.70141622513
FedProx,Dual,11,0.3926359023188449,0.3464650616756851,-64520.8578280816
FedProx,Dual,12,0.3939168955286207,0.3477150912810712,-64476.4541282503
FedProx,Dual,13,0.395239582282955,0.3489650951695149,-64606.40445561568
FedProx,Dual,14,0.3965171443386437,0.3501855498196161,-64676.79317654206
FedProx,Dual,15,0.3977569789044686,0.3513556460871219,-64702.75522939517
FedProx,Dual,16,0.3988474901494389,0.3523553766454251,-64604.02457978562
FedProx,Dual,17,0.3998695379853941,0.3533219422994473,-64507.71334956526
FedProx,Dual,18,0.4008583106169748,0.3542653942883328,-64414.74542888732
FedProx,Dual,19,0.4017021941405316,0.3550786677558099,-64368.504680573205
FedProx,Dual,20,0.4023377120552266,0.3557087336724169,-64320.00533874927
FedProx,Dual,21,0.4028854481588821,0.3562669670487539,-64233.362215042114
FedProx,Dual,22,0.4033984421865747,0.3567939252316009,-64230.24231023319
FedProx,Dual,23,0.403787079421836,0.3572349500938962,-64142.70158848067
FedProx,Dual,24,0.4040939004786177,0.357592496477552,-63970.35807989855
FedProx,Dual,25,0.4043619536029805,0.357912698272871,-63859.05660491165
FedProx,DeepFM,1,18.77639669890359,10.51274944462131,-1052766143.8552358
FedProx,DeepFM,2,17.543057393788263,9.629573748798906,-928116272.234596
FedProx,DeepFM,3,16.336626616216915,8.75671596728226,-810941867.1692008
FedProx,DeepFM,4,15.173010596194384,7.902056963351574,-703050362.3456692
FedProx,DeepFM,5,14.088658073173509,7.083458167387857,-608360982.2830007
FedProx,DeepFM,6,13.070173357032674,6.3327700031662655,-523390196.2078461
FedProx,DeepFM,7,12.12050731862514,5.785273291524139,-448884371.28197145
FedProx,DeepFM,8,11.20556153507117,5.386857670199892,-382147247.39966303
FedProx,DeepFM,9,10.315148768124525,4.962818222745651,-322867741.52004904
FedProx,DeepFM,10,9.450473362011245,4.567305257219841,-270336801.5235462
FedProx,DeepFM,11,8.608619703522,4.16964632073689,-223440861.3719221
FedProx,DeepFM,12,7.796907295659381,3.803513921836558,-182625738.57359812
FedProx,DeepFM,13,6.995957324428372,3.442324696976187,-146366574.02653223
FedProx,DeepFM,14,6.220317320747485,3.071085187850392,-114964792.36484328
FedProx,DeepFM,15,5.470910087552467,2.735372396208909,-88173961.98637916
FedProx,DeepFM,16,4.728767973119107,2.379025615005376,-65159953.58201487
FedProx,DeepFM,17,4.024444483015059,2.050055819990765,-46300717.70233877
FedProx,DeepFM,18,3.330665584052689,1.7290705086267266,-30871580.547326703
FedProx,DeepFM,19,2.6866470726923217,1.4191569688554808,-19191349.04385065
FedProx,DeepFM,20,2.0752153050184394,1.1383309061581723,-10497559.703900049
FedProx,DeepFM,21,1.491881175702273,0.8654058968978943,-4586086.894013772
FedProx,DeepFM,22,1.030505344026712,0.6831696496487502,-1421963.388941324
FedProx,DeepFM,23,0.6732982002553372,0.4896951688613958,-235918.0199564748
FedProx,DeepFM,24,0.6357647951467293,0.4753955062118691,-177520.55086117427
FedProx,DeepFM,25,0.5560159171999765,0.4279959242928426,-91595.9599847844
FedProx,AutoInt,1,0.2842916773585659,0.2479196980674153,-32962.35651693026
FedProx,AutoInt,2,0.2661905316363388,0.2453976091004004,-9444.116025579417
FedProx,AutoInt,3,0.2552847008684047,0.2315325708454229,-24596.841191883457
FedProx,AutoInt,4,0.2586560595326476,0.2382804393663557,-12908.823340826588
FedProx,AutoInt,5,0.2602351709239676,0.2376002009388432,-26506.88417010316
FedProx,AutoInt,6,0.2555134338449371,0.2337109878894943,-18015.53698542751
FedProx,AutoInt,7,0.2707366636865017,0.246116943487174,-33103.06908900792
FedProx,AutoInt,8,0.2526276533185164,0.229576444178034,-23330.28944986776
FedProx,AutoInt,9,0.2718085859769136,0.2481368128504925,-34957.1532334083
FedProx,AutoInt,10,0.2437642561031045,0.2219801435741368,-18757.258340373817
FedProx,AutoInt,11,0.2688412346326993,0.2453178874951883,-38314.33644911023
FedProx,AutoInt,12,0.2561606620016527,0.2338586850566478,-19512.833615730437
FedProx,AutoInt,13,0.2653695706706124,0.2424382156052467,-31555.31467017055
FedProx,AutoInt,14,0.2505166420456998,0.2300312193945338,-20451.22013376635
FedProx,AutoInt,15,0.2807483142606566,0.2574422962845734,-36252.65870517
FedProx,AutoInt,16,0.2556253522442541,0.2338382773533437,-21756.8986310741
FedProx,AutoInt,17,0.2737093976063676,0.2506292338019829,-23699.915349154144
FedProx,AutoInt,18,0.2538601696671631,0.2330997840800897,-18874.176292240933
FedProx,AutoInt,19,0.2831184795213634,0.2596627159178362,-27742.25241096912
FedProx,AutoInt,20,0.2543728944060528,0.2326822584406562,-13508.256944936273
FedProx,AutoInt,21,0.2764142491043686,0.2539900019699429,-31294.080264839013
FedProx,AutoInt,22,0.2568122422739295,0.2353496659082247,-20259.522436309573
FedProx,AutoInt,23,0.2681240279137736,0.2467597593244014,-21819.446899659604
FedProx,AutoInt,24,0.2515955643589241,0.2301376199575635,-21650.075688644534
FedProx,AutoInt,25,0.2720315902792277,0.2512286171736114,-25588.234794916712
FedProx,TabNet,1,0.5035989514212045,0.3966858334616743,-3282.112787471295
FedProx,TabNet,2,0.3753563010257352,0.3037225511612498,-4033.922747821506
FedProx,TabNet,3,0.3351742486216798,0.2741953407942935,-4872.656174083167
FedProx,TabNet,4,0.3165689927215716,0.2598794196422992,-5318.433866177376
FedProx,TabNet,5,0.3062086441130434,0.2525527208572112,-5829.824419370226
FedProx,TabNet,6,0.2986391386148495,0.2479682026827063,-6361.204890254512
FedProx,TabNet,7,0.2931884685573658,0.2450233165744318,-6896.276554013807
FedProx,TabNet,8,0.28886196139274,0.2428901912562667,-7520.06011243361
FedProx,TabNet,9,0.2854668659206104,0.241434403510211,-8195.25137322146
FedProx,TabNet,10,0.2826129307548407,0.2403845808784656,-8912.321396395277
FedProx,TabNet,11,0.28008781449288,0.239482191985437,-9703.93812225992
FedProx,TabNet,12,0.2778721049044872,0.2387627988320453,-10469.122917753532
FedProx,TabNet,13,0.2759266798213242,0.2381116185068874,-11221.873689193926
FedProx,TabNet,14,0.2742080578740429,0.2375381096857084,-11911.56872767011
FedProx,TabNet,15,0.2726298417659186,0.2369948259189803,-12522.76163974085
FedProx,TabNet,16,0.2711476073607965,0.2364476642887286,-13086.675729242066
FedProx,TabNet,17,0.2698904241632311,0.236029639997256,-13658.186308859104
FedProx,TabNet,18,0.2686384332333721,0.2355320231435797,-14246.28530031516
FedProx,TabNet,19,0.2675421261211254,0.2350900149224931,-14746.831200695206
FedProx,TabNet,20,0.2665197931907124,0.2346337508338197,-15257.214509953095
FedProx,TabNet,21,0.2656316267392812,0.234275177959189,-15742.487474914176
FedProx,TabNet,22,0.2647501168209084,0.2338903724675857,-16128.694337195378
FedProx,TabNet,23,0.263992847432389,0.2335724688555737,-16558.286714451595
FedProx,TabNet,24,0.2633534587788786,0.2332881101536415,-16939.77990051648
FedProx,TabNet,25,0.2627911038212744,0.2330631453458789,-17293.652970880532
FedProx,MSARv3,1,0.2370462054447279,0.2172736279103374,-27837.057636626367
FedProx,MSARv3,2,0.2309115790317378,0.2104136817982201,-14805.955515298358
FedProx,MSARv3,3,0.2219337283245992,0.202643747096112,-16977.718066284233
FedProx,MSARv3,4,0.2245131543049816,0.2040476603515328,-15898.415063456618
FedProx,MSARv3,5,0.2242337991251004,0.2049471318381323,-15485.26847115887
FedProx,MSARv3,6,0.2257686095412802,0.2062926779653359,-16196.600739981042
FedProx,MSARv3,7,0.2274201704480209,0.2077919002524159,-16841.017212500683
FedProx,MSARv3,8,0.2281718871565689,0.2090091788208338,-16868.37428523912
FedProx,MSARv3,9,0.230164000518222,0.2110679976655226,-17162.168055210048
FedProx,MSARv3,10,0.2307989995954394,0.2116085361486369,-17881.76217940612
FedProx,MSARv3,11,0.2326319146993188,0.2136924886693016,-17702.01375974293
FedProx,MSARv3,12,0.2333259721222048,0.2145743814734038,-18672.532581141622
FedProx,MSARv3,13,0.2350080413124921,0.2157211192672407,-19800.539078639555
FedProx,MSARv3,14,0.2370676310297528,0.2180809822909023,-20329.85077674611
FedProx,MSARv3,15,0.2383842742400439,0.2192972256607246,-20933.739658719416
FedProx,MSARv3,16,0.2386935183924938,0.2195418208104236,-21271.18011181384
FedProx,MSARv3,17,0.2412888060361232,0.22242791945465,-21492.93265999893
FedProx,MSARv3,18,0.2428915935930265,0.2238813788746279,-23343.227739997823
FedProx,MSARv3,19,0.2442496781446173,0.2245624978062557,-25185.33155534137
FedProx,MSARv3,20,0.2441400493824036,0.2251135338431712,-23529.71758881688
FedProx,MSARv3,21,0.2456575619073589,0.2263790315347731,-25063.97045015241
FedProx,MSARv3,22,0.2467602917999023,0.2276806933887185,-25273.10661049425
FedProx,MSARv3,23,0.248495468535679,0.2293366739667153,-25935.15244749937
FedProx,MSARv3,24,0.2484272681546235,0.2287668943378963,-26703.28825469428
FedProx,MSARv3,25,0.2496319476145844,0.2302994490167378,-25490.56503142707
FedAdam,Linear,1,1.3442055563766435,1.174930142340216,-794159.4539904201
FedAdam,Linear,2,1.2510525583435017,1.0974133077530952,-644483.9904828063
FedAdam,Linear,3,1.1475568068139594,1.0118435118445612,-503276.1586352652
FedAdam,Linear,4,1.038632642295909,0.9202952865766516,-379526.4908137062
FedAdam,Linear,5,0.928316568134186,0.8254526208804656,-271023.5506511011
FedAdam,Linear,6,0.8222567269411137,0.7344754189514737,-182489.46796339468
FedAdam,Linear,7,0.7243974359155827,0.6526104091079038,-111972.87694829796
FedAdam,Linear,8,0.6398534524228182,0.5782566780260452,-60089.94043508439
FedAdam,Linear,9,0.5709857997342594,0.5105742647955832,-29645.495521853805
FedAdam,Linear,10,0.5157375865223608,0.4524647982394967,-17015.69985152045
FedAdam,Linear,11,0.4691836076362478,0.4065384903042094,-11465.759035871402
FedAdam,Linear,12,0.4286220509865626,0.3683123440859816,-6900.708559099945
FedAdam,Linear,13,0.395195451999774,0.3378405132067434,-3395.229878350176
FedAdam,Linear,14,0.3717462366802004,0.3187832924257472,-2193.1215604034583
FedAdam,Linear,15,0.3584535985234326,0.3105732677324375,-4776.136982728392
FedAdam,Linear,16,0.3542727031653322,0.3066282489702027,-11739.717140985498
FedAdam,Linear,17,0.3577917141908641,0.3067607781170541,-22208.85182696445
FedAdam,Linear,18,0.3657379154536068,0.3115430729879436,-33111.018798942096
FedAdam,Linear,19,0.3743356872182197,0.3184973400066523,-40773.20568186957
FedAdam,Linear,20,0.381138459632257,0.323965058778208,-43682.8616159067
FedAdam,Linear,21,0.3852307112763422,0.3269656510051398,-42028.69987039114
FedAdam,Linear,22,0.386338847837308,0.3272987608069485,-36536.58667204544
FedAdam,Linear,23,0.3849488092161047,0.3261979004672625,-29293.239953718203
FedAdam,Linear,24,0.3815697534012932,0.3239711607906227,-22422.66559645581
FedAdam,Linear,25,0.3770374684244992,0.3215596470032509,-17660.936245242825
FedAdam,MLP,1,0.3979911088933856,0.3349659902637788,-189072.0166972429
FedAdam,MLP,2,0.4861794473575103,0.4232684352904924,-280317.8058167945
FedAdam,MLP,3,0.3845826768188604,0.3398025668830151,-123075.5717658938
FedAdam,MLP,4,0.3488441950965067,0.3102721546257736,-27271.289255443902
FedAdam,MLP,5,0.3643150071532228,0.3258915132399393,-28279.593988234214
FedAdam,MLP,6,0.4040344481638538,0.3620934624532614,-81426.46890403097
FedAdam,MLP,7,0.4762175940557787,0.4289919150132286,-164501.30225942258
FedAdam,MLP,8,0.4913344987479559,0.4425585674668657,-174170.0975788201
FedAdam,MLP,9,0.437099237550096,0.394288731074396,-105809.24174284474
FedAdam,MLP,10,0.3797185200896479,0.3402022613713318,-45214.67785218646
FedAdam,MLP,11,0.3501431593214849,0.3106983365697265,-19609.466469468047
FedAdam,MLP,12,0.345975108083503,0.3048372346194222,-16225.093410163438
FedAdam,MLP,13,0.3639353492407765,0.3247122440375846,-26036.600776940533
FedAdam,MLP,14,0.3957611445377517,0.3587143632512939,-50658.026910563975
FedAdam,MLP,15,0.4064131358308998,0.3692311104026955,-68325.67982878961
FedAdam,MLP,16,0.3808302069154818,0.3430432929855448,-59395.30689925008
FedAdam,MLP,17,0.3485226621980555,0.3121116192706963,-38914.05927418071
FedAdam,MLP,18,0.3337307226865326,0.2976176083310522,-30562.092178451992
FedAdam,MLP,19,0.3360846591945599,0.2990551890121193,-40946.43767243823
FedAdam,MLP,20,0.344990009527953,0.307708749845493,-59188.784648966495
FedAdam,MLP,21,0.332026289762328,0.2955017834247101,-57446.2784911635
FedAdam,MLP,22,0.2939792730661943,0.25503558272689,-33556.86365962741
FedAdam,MLP,23,0.2715044210887721,0.2410313979917335,-14943.44561333145
FedAdam,MLP,24,0.271205748331728,0.2409530212752429,-14942.170366253711
FedAdam,MLP,25,0.2899196925534687,0.2529192338116559,-29512.843085198496
FedAdam,Residual,1,0.6869596300051183,0.5086808723703629,-27466.452306398816
FedAdam,Residual,2,0.7429338183726085,0.5831984343082498,-96643.74913657444
FedAdam,Residual,3,0.4984139471604177,0.4393601254388192,-186297.16349367436
FedAdam,Residual,4,0.5258625422716587,0.4317694643417435,-229937.1368775225
FedAdam,Residual,5,0.4562062847809578,0.4033293851859121,-141727.28553301503
FedAdam,Residual,6,0.5525016659422823,0.46487626346951,-64547.22983017957
FedAdam,Residual,7,0.5797325178104661,0.4707848627139898,-36589.9487190213
FedAdam,Residual,8,0.4137417234781812,0.3529968292097216,-27237.747686213475
FedAdam,Residual,9,0.2929986335481691,0.2451868513975495,-20140.614861511807
FedAdam,Residual,10,0.2845460908855852,0.2385315233956112,-17089.589358520843
FedAdam,Residual,11,0.2821476992669484,0.255270108475836,-19262.34035814416
FedAdam,Residual,12,0.4210605155751014,0.3561172885509283,-32209.730017765964
FedAdam,Residual,13,0.4433068190345756,0.3738094406277727,-40550.4332573967
FedAdam,Residual,14,0.3389992895742075,0.3019838190141587,-34533.2738849417
FedAdam,Residual,15,0.2701507443012358,0.2409925551165176,-24735.76441932605
FedAdam,Residual,16,0.2636817864356898,0.2341210744973854,-20151.019838777283
FedAdam,Residual,17,0.2998870155923282,0.269968716797594,-18081.50568084348
FedAdam,Residual,18,0.3774507450493597,0.3176265333129358,-14529.405871483896
FedAdam,Residual,19,0.3631784299550726,0.3068258069154457,-14673.988846019618
FedAdam,Residual,20,0.280038475706215,0.2503776738587079,-16713.218153499343
FedAdam,Residual,21,0.2464434598526176,0.2187131391887296,-15798.877550943036
FedAdam,Residual,22,0.2530152134870315,0.2236664822760491,-12673.98307197668
FedAdam,Residual,23,0.3154068075192611,0.271089253688529,-8784.799485817106
FedAdam,Residual,24,0.351026485477377,0.2974509081962029,-7139.877210780481
FedAdam,Residual,25,0.3119007277634007,0.2722817540875847,-7376.730847946998
FedAdam,Dual,1,0.4225638884603566,0.3680007844534825,-60565.54673200919
FedAdam,Dual,2,0.7832497343217282,0.6645313044109746,-629344.7311271154
FedAdam,Dual,3,0.8165965519801609,0.7095555681440658,-674146.6044649265
FedAdam,Dual,4,0.6000023572167511,0.5226236825877627,-352109.4172659884
FedAdam,Dual,5,0.4433013316204867,0.3931414259496179,-120997.5829478098
FedAdam,Dual,6,0.4135806476489017,0.3730957406869253,-56882.9989053562
FedAdam,Dual,7,0.4303976904172535,0.388644987294984,-53920.340330439
FedAdam,Dual,8,0.4829378645253477,0.4308043777720056,-90949.1376903916
FedAdam,Dual,9,0.5581539257022671,0.4934662254445373,-175005.94255956824
FedAdam,Dual,10,0.6091990815498745,0.5449563438475447,-263627.27056187525
FedAdam,Dual,11,0.5943070641466395,0.5331071051646201,-281258.05205318925
FedAdam,Dual,12,0.5201194146117248,0.4656559745069128,-217574.54617247725
FedAdam,Dual,13,0.437861595918158,0.3925617107031425,-133064.76381065222
FedAdam,Dual,14,0.385501345791682,0.3455859108423725,-75712.23557350882
FedAdam,Dual,15,0.3677350404861076,0.3297263299146101,-53442.4582546918
FedAdam,Dual,16,0.3670216080548514,0.3293225816950228,-48886.45812856544
FedAdam,Dual,17,0.3765632670721297,0.3368972233760126,-55046.99170520226
FedAdam,Dual,18,0.3955644662410106,0.3544423791378579,-69638.80073330733
FedAdam,Dual,19,0.4184011301034144,0.3759758579291024,-88082.60982568402
FedAdam,Dual,20,0.4313180204314986,0.3889226613202916,-100868.33161268504
FedAdam,Dual,21,0.4273339834416604,0.3857074537050954,-101448.99333755665
FedAdam,Dual,22,0.4130007338462308,0.371517717969229,-92058.98013154315
FedAdam,Dual,23,0.3992113997630463,0.3576464156615294,-80858.82160943674
FedAdam,Dual,24,0.391789564597866,0.3507055548037712,-72011.69568194236
FedAdam,Dual,25,0.391029036790686,0.3500065362974608,-66583.26990311929
FedAdam,DeepFM,1,13.240540952922451,9.456057709424064,-55721086.59304632
FedAdam,DeepFM,2,12.68038372671461,9.94263096140642,-41315910.10358084
FedAdam,DeepFM,3,11.559926977529924,7.999754867151458,-106364385.04310262
FedAdam,DeepFM,4,7.627289857172032,5.822835522921517,-54325012.3824435
FedAdam,DeepFM,5,23.080740168906036,11.302817566742586,-573209970.8365966
FedAdam,DeepFM,6,27.15991459185465,12.961635460543508,-1116968738.5932214
FedAdam,DeepFM,7,10.78540147655582,6.668014527205214,-182854524.2188341
FedAdam,DeepFM,8,11.11863298037234,7.564778036308624,-123600113.98896432
FedAdam,DeepFM,9,14.19441794916745,10.251532553788438,-90723360.38951284
FedAdam,DeepFM,10,28.36463209109517,19.580299712652064,-164791400.18756866
FedAdam,DeepFM,11,58.592943446182936,36.84539205621542,-1845059434.2932775
FedAdam,DeepFM,12,94.24923733440896,56.459345068370105,-4214073284.579745
FedAdam,DeepFM,13,129.0708332648765,71.55228959068472,-3036999467.7038665
FedAdam,DeepFM,14,119.0648479239652,59.72777344849491,-131446677.060413
FedAdam,DeepFM,15,83.01260348668569,54.679451686007695,-2206450020.3744507
FedAdam,DeepFM,16,58.675082852238354,44.465561405845605,-1984755580.777186
FedAdam,DeepFM,17,62.287174990800864,45.62262974556385,-122595273.64037783
FedAdam,DeepFM,18,81.81394370164686,58.73614918955181,-1704058181.490993
FedAdam,DeepFM,19,106.57360108246496,64.5743885945352,-7540426606.774384
FedAdam,DeepFM,20,109.22805980541342,65.05820459054098,-7833348617.54152
FedAdam,DeepFM,21,108.57502833627105,64.15905051742581,-7713206651.86819
FedAdam,DeepFM,22,85.76888392411296,52.644857678136844,-4112417765.914653
FedAdam,DeepFM,23,64.72556576615253,46.91479806615095,-1102827286.628625
FedAdam,DeepFM,24,70.05265186905143,51.02638128310809,-453499955.1966169
FedAdam,DeepFM,25,86.51466352616896,61.98938796809352,-1159129919.997254
FedAdam,AutoInt,1,765.5081770626621,746.8753810674738,-38082658301.356766
FedAdam,AutoInt,2,9741.525207001843,8689.814854734183,-13293678306836.695
FedAdam,AutoInt,3,7.138825088703757,2.984128300355901,-348255.2040942851
FedAdam,AutoInt,4,0.515459674875216,0.5054598610409534,-2470.7767392176943
FedAdam,AutoInt,5,0.5182529142342912,0.5068666252237213,-1846.1932021947237
FedAdam,AutoInt,6,0.4769011016974142,0.4616649071759624,-571.1260202203358
FedAdam,AutoInt,7,0.4060633421111846,0.3866714796670082,-410.6415082331491
FedAdam,AutoInt,8,0.3242485029367601,0.3038721723720981,-2869.49834118828
FedAdam,AutoInt,9,0.2571314039674784,0.229926540072752,-8528.719008291542
FedAdam,AutoInt,10,0.2273042547606852,0.1986509175260792,-16537.093064972723
FedAdam,AutoInt,11,0.2265249539921235,0.1999873795492577,-24218.506602424728
FedAdam,AutoInt,12,0.2397494484235199,0.2205614956432989,-29556.4109024968
FedAdam,AutoInt,13,0.2500101425674719,0.2342551589693042,-31747.074077396694
FedAdam,AutoInt,14,0.2514340451268026,0.2352000020431299,-30822.650960482697
FedAdam,AutoInt,15,0.2447737708055192,0.2249667427137572,-27522.385316012405
FedAdam,AutoInt,16,0.2327970471892189,0.2094191854888399,-22485.224486602423
FedAdam,AutoInt,17,0.2209514046277282,0.1999618706337597,-16692.501807308785
FedAdam,AutoInt,18,0.2169419379544147,0.1974258797803013,-11179.409520528334
FedAdam,AutoInt,19,0.2234185482947093,0.2057500196414589,-6934.0605331933775
FedAdam,AutoInt,20,0.2374708728703147,0.2220163585614864,-4158.462390360388
FedAdam,AutoInt,21,0.2560475573200468,0.2391179199796988,-2598.0453554779447
FedAdam,AutoInt,22,0.2708313314633696,0.2532203287828995,-1979.8700894819203
FedAdam,AutoInt,23,0.2762967619162155,0.2589145175497226,-2019.942796820287
FedAdam,AutoInt,24,0.271702304109902,0.2541206372093232,-2641.722918497029
FedAdam,AutoInt,25,0.2595399611118972,0.2411182611945014,-3885.5934747065726
FedAdam,TabNet,1,1.3044740054649018,1.1517972794274665,-351747.015461739
FedAdam,TabNet,2,0.8940203535146769,0.7313086794843154,-7317.42742262909
FedAdam,TabNet,3,0.5054762190312551,0.4535167318341602,-2935.6191594604866
FedAdam,TabNet,4,2.0393186214985186,2.0185880518546213,-574394.0997962349
FedAdam,TabNet,5,1.3178391340869775,1.2160251611984467,-156785.9779717256
FedAdam,TabNet,6,0.4797439273607473,0.4130585048026904,-10653.322583431518
FedAdam,TabNet,7,0.5602070114266968,0.4941803775269453,-3349.680887513923
FedAdam,TabNet,8,0.3638014072773544,0.3304617953059543,-49478.52701079196
FedAdam,TabNet,9,0.4651691495567106,0.4038090051163269,-65728.64234168752
FedAdam,TabNet,10,0.3306210542135319,0.2870242910718247,-14559.50370096029
FedAdam,TabNet,11,0.3553638460457567,0.3137240803985478,-2447.3184123751566
FedAdam,TabNet,12,0.3131223816952674,0.2673432030346775,-12407.661517654446
FedAdam,TabNet,13,0.2609975864841013,0.224865354636851,-34971.25075286302
FedAdam,TabNet,14,0.323222345129259,0.2768740923207757,-34861.99807218341
FedAdam,TabNet,15,0.2584961121735436,0.2254739004876366,-17704.575970094946
FedAdam,TabNet,16,0.2627144007795192,0.2370476825899315,-6899.474372486658
FedAdam,TabNet,17,0.2789939580058978,0.24852338915131,-5582.322472595792
FedAdam,TabNet,18,0.2397719000839764,0.2195394709575364,-9784.806199628563
FedAdam,TabNet,19,0.2399009559776191,0.2145540890511393,-16592.115952828648
FedAdam,TabNet,20,0.2562933367650271,0.2291942585017433,-18832.29518177388
FedAdam,TabNet,21,0.2563486901518208,0.2320571857617483,-17510.18543690579
FedAdam,TabNet,22,0.2548526557521786,0.23315959925287,-15487.382643300743
FedAdam,TabNet,23,0.2564095022337014,0.2364767984681892,-14604.39137779598
FedAdam,TabNet,24,0.252629826427476,0.2334947172022033,-15223.068122377714
FedAdam,TabNet,25,0.2464324297553095,0.2279276878479704,-16786.39806964737
FedAdam,MSARv3,1,2.5119361884406333,2.504762288765664,-1045598.8594629592
FedAdam,MSARv3,2,0.9101226484524436,0.8271192691447655,-3580.16621474013
FedAdam,MSARv3,3,0.3244928999732684,0.281386019580184,-8827.790098652898
FedAdam,MSARv3,4,0.482194342533152,0.4654243662822435,-94744.50091451836
FedAdam,MSARv3,5,1.6529630173695664,1.6138126749564976,-264150.9159656384
FedAdam,MSARv3,6,0.273939588675913,0.2391256893639614,-18836.106636972545
FedAdam,MSARv3,7,2.066231598914053,2.062201390785995,-756159.9501386753
FedAdam,MSARv3,8,0.6635984032433437,0.5478580623393737,-30830.77561614132
FedAdam,MSARv3,9,2.0026361403369464,1.9957585215359035,-265481.2078926073
FedAdam,MSARv3,10,1.523564947762624,1.4351392060465888,-370294.1079119798
FedAdam,MSARv3,11,0.8431703623449694,0.6291530732530282,-1200406.7563380827
FedAdam,MSARv3,12,0.8789610085583495,0.651456525696602,-1915598.379000109
FedAdam,MSARv3,13,0.4743026863176585,0.2562404123571928,-1370474.8752723776
FedAdam,MSARv3,14,0.5790108115782494,0.5375854779421131,-23382.953732911228
FedAdam,MSARv3,15,0.3499144390432538,0.3107725413931904,-546.5552512354926
FedAdam,MSARv3,16,0.2498069250781608,0.2314401114578825,-33637.85250263599
FedAdam,MSARv3,17,0.3298527736889835,0.2729067928395078,-28747.070954254097
FedAdam,MSARv3,18,0.3117718164602608,0.2569308295086523,-30310.65867351941
FedAdam,MSARv3,19,0.2284153895688405,0.2054182707687254,-25025.355392612764
FedAdam,MSARv3,20,0.3039450519346707,0.2561980976554547,-3143.190636518341
FedAdam,MSARv3,21,0.3119446010208372,0.2847027297938645,-843.8550988808668
FedAdam,MSARv3,22,0.227832524072806,0.2072833207270592,-11199.592440838973
FedAdam,MSARv3,23,0.2683659715891521,0.234757837935994,-36488.98378670027
FedAdam,MSARv3,24,0.2569463744836344,0.2205618178121653,-30405.4342521339
FedAdam,MSARv3,25,0.2293002238468641,0.213450449985339,-5806.054483044964
